,AAPL,KO
AAPL,1.0,0.1857422299665793
KO,0.1857422299665793,1.0
