,AAPL,KO
AAPL,0.0007058569927065495,6.364253935867708e-05
KO,6.364253935867708e-05,0.00016632478381384068
