parameter,value
mu,0.0008383526424080591
sigma,0.026567969299638793
x0,0.0010070102517798119
b,90.55152861744835
