class,prior
D,0.3143030058503127
U,0.36271938672584225
H,0.32297760742384507
