class,prior
D,0.3358886423239863
U,0.36594714545087753
H,0.29816421222513617
