,AMZN,KO
AMZN,1.0,0.15474988895188188
KO,0.15474988895188188,1.0
