,AMZN,KO
AMZN,0.001066530020581432,6.517154473518444e-05
KO,6.517154473518444e-05,0.00016629617249589292
