parameter,value
mu,0.0006078996938750281
sigma,0.032657771212705744
x0,0.0005850971978262087
b,81.05325658865605
