class,prior
D,0.31565147236789026
U,0.3434852763210972
H,0.3408632513110125
