label,density_kind,x0,b
D,logistic,-0.00031371274276519685,69.9990400858524
U,logistic,-0.0003663491726978466,74.96435237718087
H,logistic,0.0019902602986906002,99.98643278118169
