class,prior
D,0.3358208955223881
U,0.36607503025413474
H,0.29810407422347723
